,,,,"re ke

|

Oy","an

wae

KO",,,,
,,> = Lo| HH,,,,,,n° te ee P,
,"aaH/

TAT|","—

NO
OF
O",,,,,,cei Nee “T,‘Det te AC
,,"Kl0
<10
<4",,,,,,ANITA ro M,""" ATA oo74"
,,,,,,,,5 EU |S} 4,"2|
oO

st"
"AS} JAS
(T",,,,,,,,"HSS

=
LL.","od

CHS Ay"
(Transitio,,eS eee ee,,,,,,‘H7lS Ae],
,,————— ee,,,,,,"H|

tor

+","ox
ry

HU"
,,0,,,,,,,Ee ee Ee =
,,* OPOPETAI,,,,,,,'ToYVio Le
,"ooh

0",HAP FATA e,,,,,,"EAA, AY AS","ad
0

KO
m"
,,AP Hst HS,,,,,,*ESG SH SA,EOIN Te Se
so|4 e]AAa,vrsa lt «J,aii f@ 2.5,,,,,,,
